{"test_metric": 0.7235838382017538, "_timestamp": 1673472946.7637644, "_runtime": 14.055848360061646, "_step": 99, "_wandb": {"runtime": 13}}